agent,agent_sim_tfidf_w,agent_sim_jaccard_w,agent_sim_fuzzy_w,agent_sim_tfidf,agent_sim_jaccard,agent_sim_fuzzy,agent_total_files,agent_total_prs
Devin,0.16548876902839346,0.092534863643653,0.15550709381238415,0.17092167522513504,0.14358125649643255,0.19360387282027877,4780,87
Copilot,0.31839689209579747,0.21845630781839934,0.35814397112538904,0.43465967128493344,0.3677208395092331,0.542851032258113,12462,403
Cursor,0.3060399798881267,0.1857382216295107,0.3117189646095145,0.3548092013236001,0.2615623756838256,0.42955933345327096,1790,71
OpenAI_Codex,0.2879649878858104,0.22701686038909305,0.3534778361817147,0.3087445411182254,0.27440448871173967,0.39792816188826863,159741,9508
Claude_Code,0.11745212328425704,0.07509968319659024,0.14838998715615673,0.28119005833842037,0.23914503918071076,0.3458622338813411,3371,38
