agent,agent_sim_tfidf_w,agent_sim_jaccard_w,agent_sim_fuzzy_w,agent_sim_tfidf,agent_sim_jaccard,agent_sim_fuzzy,agent_total_files,agent_total_prs
Devin,0.7148368105881457,0.5223705915867461,0.7696579310271071,0.7350816674482078,0.6093353362208889,0.8479245398933449,83,4
Copilot,0.24051094498239192,0.17108830597410393,0.24309874372026352,0.27501008176525366,0.23133155360922908,0.31989772112279147,17142,216
Cursor,0.1004207359321162,0.05938025009230511,0.10564333776247642,0.14116536856700446,0.10901620513668855,0.1795360526909714,562,24
OpenAI_Codex,0.351373510859838,0.24067656758842745,0.40330002650810426,0.370471653265251,0.2887065090335398,0.45108734199754147,5799,1018
Claude_Code,0.330523614374897,0.17392637996693616,0.5025959688392783,0.23120954359280474,0.15663151611284315,0.36019534028917133,2132,16
